{"cameraMode":{"drawMode":0,"name":"Shaded","section":"Shading Mode"},"sceneLighting":false,"audioPlay":false,"sceneViewState":{"m_AlwaysRefresh":false,"showFog":true,"showSkybox":true,"showFlares":true,"showImageEffects":true,"showParticleSystems":true,"showVisualEffectGraphs":true,"m_FxEnabled":true},"in2DMode":false,"pivot":{"x":53.938846588134769,"y":-8.092804908752442,"z":60.17963409423828},"rotation":{"x":-0.030370274558663369,"y":-0.9025832414627075,"z":0.4247110188007355,"w":-0.06462906301021576},"size":11.206212043762207,"orthographic":false}